{"cameraMode":{"drawMode":0,"name":"Shaded","section":"Shading Mode"},"sceneLighting":true,"audioPlay":false,"sceneViewState":{"showFog":true,"showMaterialUpdate":false,"showSkybox":true,"showFlares":true,"showImageEffects":true,"showParticleSystems":true},"in2DMode":false,"pivot":{"x":-83.02183532714844,"y":10.459202766418457,"z":22.11223602294922},"rotation":{"x":0.021546917036175729,"y":0.9365864992141724,"z":-0.05851663649082184,"w":0.34485164284706118},"size":11.411661148071289,"orthographic":false}