{"cameraMode":{"drawMode":0,"name":"Shaded","section":"Shading Mode"},"sceneLighting":true,"audioPlay":false,"sceneViewState":{"showFog":true,"showMaterialUpdate":false,"showSkybox":true,"showFlares":true,"showImageEffects":true,"showParticleSystems":true},"in2DMode":false,"pivot":{"x":-4.188589572906494,"y":30.469566345214845,"z":-6.988414764404297},"rotation":{"x":-0.35223862528800967,"y":-0.025265177711844446,"z":0.00951289851218462,"w":-0.9355217218399048},"size":10.0,"orthographic":false}