{"count":1,"gauges":{},"self":27.8389216,"total":29.696177799999997,"children":{"AgentResetIfDone":{"count":1465,"self":0.0189482,"total":0.0189482,"children":null},"AgentSendState":{"count":1465,"self":0.0737755,"total":0.2802325,"children":{"CollectObservations":{"count":5860,"self":0.206457,"total":0.206457,"children":null}}},"DecideAction":{"count":1465,"self":1.5311470999999999,"total":1.5311470999999999,"children":null},"AcademyStep":{"count":1465,"self":0.0019944999999999997,"total":0.0019944999999999997,"children":null},"AgentAct":{"count":1465,"self":0.0229405,"total":0.0229405,"children":null}}}